No,Category,Sub-category,Task,Code Snippet,Notes
1,General,Setup,NativeWind Config,"// tailwind.config.js
module.exports = {
  content: ['./App.{js,jsx,ts,tsx}', './app/**/*.{js,jsx,ts,tsx}', './components/**/*.{js,jsx,ts,tsx}'],
  theme: {
    extend: {
      colors: {
        primary: '#2563EB',
        secondary: '#3B82F6',
        accent: '#F97316',
      },
    },
  },
}","Standard NativeWind configuration for React Native projects."
2,Component,Button,Styled Button (NativeWind),"<TouchableOpacity className='bg-primary py-4 px-6 rounded-2xl active:opacity-80 shadow-sm'>
  <Text className='text-white text-center font-bold text-lg'>Continue</Text>
</TouchableOpacity>","A clean, accessible button for mobile interfaces."
3,Component,Card,Bento Card (NativeWind),"<View className='bg-white p-5 rounded-3xl shadow-sm border border-gray-100 mb-4'>
  <View className='bg-blue-50 w-12 h-12 rounded-2xl items-center justify-center mb-4'>
    <Icon name='credit-card' size={24} color='#2563EB' />
  </View>
  <Text className='text-xl font-bold text-gray-900 mb-2'>Card Title</Text>
  <Text className='text-gray-500 leading-5'>Detailed description for bento grid layout.</Text>
</View>","Modular card for mobile dashboard."
4,Animation,Reanimated,Fade-In Stagger,"const fadeAnim = useSharedValue(0);
const slideAnim = useSharedValue(20);

const animatedStyle = useAnimatedStyle(() => ({
  opacity: fadeAnim.value,
  transform: [{ translateY: slideAnim.value }],
}));

useEffect(() => {
  fadeAnim.value = withTiming(1, { duration: 500 });
  slideAnim.value = withTiming(0, { duration: 500 });
}, []);

return <Animated.View style={animatedStyle} />;","Standard entrance animation using React Native Reanimated."
5,Form,Input,Text Input (NativeWind),"<View className='mb-6'>
  <Text className='text-gray-600 mb-2 ml-1 font-medium'>Email Address</Text>
  <TextInput
    className='bg-gray-50 border border-gray-100 p-4 rounded-2xl text-lg'
    placeholder='Enter your email'
    keyboardType='email-address'
  />
</View>","Modern input field with floating label style."
